No.,대표심볼,KOR,ENG
1,IDLE,준비전 (A),IDLE (A)
2,Puls,잔류가스 제거(Puls Vent) (A),Removal Gas (A)
3,1P,교환전 1차 배관 청소 (A),1ST PRE PURGE (A)
4,-L,교환전 PT 감압 시험 (A),PT PRE VACUUM DECAY CHECK (A)
5,-VT,교환전 VT 감압 시험 (A),VT PRE -LEAK CHECK (A)
6,2P,교환전 2차 배관 청소 (A),2ND PRE PURGE (A)
7,CC,실린더 교체 (A),CYLINDER CHANGE (A)
8,Bypass,배관 By-pass 체크 (A),Part By-pass check (A)
9,+L,교환후 가압 시험 (A),POST PRESSURE DECAY CHECK (A)
10,3P,교환후 1차 배관 청소 (A),1ST POST PURGE (A)
11,-VT,교환후 VT 감압 시험 (A),VT POST -LEAK CHECK (A)
12,4P,교환후 2차 배관 청소 (A),2ND POST PURGE (A)
13,PC,퍼지 완료 (A),PURGE COMPLETE (A)
14,RGV,Real Gas Vent (A),PROCESS GAS VENT (A)
15,READY,공급 준비 (A),STANDBY (A)
16,Service,가스 공급 (A),GAS SUPPLY (A)
